-- phpMyAdmin SQL Dump
-- version 4.7.4
-- https://www.phpmyadmin.net/
--
-- Хост: 127.0.0.1
-- Время создания: Фев 27 2019 г., 00:23
-- Версия сервера: 10.1.30-MariaDB
-- Версия PHP: 7.2.1

SET SQL_MODE = "NO_AUTO_VALUE_ON_ZERO";
SET AUTOCOMMIT = 0;
START TRANSACTION;
SET time_zone = "+00:00";


/*!40101 SET @OLD_CHARACTER_SET_CLIENT=@@CHARACTER_SET_CLIENT */;
/*!40101 SET @OLD_CHARACTER_SET_RESULTS=@@CHARACTER_SET_RESULTS */;
/*!40101 SET @OLD_COLLATION_CONNECTION=@@COLLATION_CONNECTION */;
/*!40101 SET NAMES utf8mb4 */;

--
-- База данных: `craft_shop`
--

-- --------------------------------------------------------

--
-- Структура таблицы `address`
--

CREATE TABLE `address` (
  `id` int(10) UNSIGNED NOT NULL,
  `user_id` int(10) UNSIGNED NOT NULL COMMENT 'Пользователь которому принадлежит адрес',
  `post_index` int(10) UNSIGNED NOT NULL COMMENT 'Почтовый индекс',
  `city` varchar(255) NOT NULL COMMENT 'Город',
  `street` varchar(255) NOT NULL COMMENT 'Улица',
  `house` int(10) UNSIGNED NOT NULL COMMENT 'Номер дома',
  `corps` varchar(255) NOT NULL COMMENT 'Корпус дома',
  `apartment` int(10) UNSIGNED NOT NULL COMMENT 'Квартира',
  `other_info` text NOT NULL COMMENT 'Дополнительная информация',
  `main` tinyint(1) NOT NULL COMMENT 'Это основной адрес'
) ENGINE=InnoDB DEFAULT CHARSET=utf8;

--
-- Дамп данных таблицы `address`
--

INSERT INTO `address` (`id`, `user_id`, `post_index`, `city`, `street`, `house`, `corps`, `apartment`, `other_info`, `main`) VALUES
(1, 6, 0, 'Москва', 'Кремль', 1, '1', 333, '', 0),
(2, 6, 0, 'Санкт-Петербург', 'Дворцовая площадь', 0, '', 0, '', 0),
(3, 14, 111111, 'Уфа ', 'Карла Маркса ', 12, '', 4, 'Уфимский адрес                                                                                                                                                                                                                                                                                                                                                                                                                                                                                                                                                                                                                        ', 1),
(4, 14, 451194, 'Санкт-Петербург ', 'Площадь Восстания ', 8, '', 0, 'Офис                                                                                                                                                                                                                                                                                                                                                                                                                ', 0),
(5, 11, 0, 'Уренгой', '', 2, '', 0, '', 0),
(7, 24, 192300, 'Москва', 'Шаболовка', 37, '', 0, 'Почта до востребования', 0),
(17, 14, 0, 'Краснодар', 'Ленина', 12, '', 0, '', 0),
(18, 14, 450103, 'Пупырловка', 'Новая', 4, '', 0, '                                                                                                    ', 0),
(23, 14, 451212, 'Москва', 'Шаболовка', 37, '', 0, 'До востребования                                    ', 0),
(24, 26, 0, 'Санкт-Петербург', 'Восстания', 4, '', 12, '', 0),
(25, 27, 0, 'Москва', 'Шаболовка', 37, '', 0, 'До востребования', 0),
(26, 28, 0, 'Новосибирск', 'Ударников', 12, '', 7, '', 0),
(27, 29, 0, 'Москва', 'Шаболовка', 37, '', 0, 'До востребования', 0);

-- --------------------------------------------------------

--
-- Структура таблицы `orders`
--

CREATE TABLE `orders` (
  `id` int(10) UNSIGNED NOT NULL,
  `shop_id` int(10) UNSIGNED NOT NULL,
  `product_id` int(10) UNSIGNED NOT NULL,
  `user_id` int(10) UNSIGNED NOT NULL COMMENT 'Идентификатор покупателя',
  `customer_name` varchar(255) NOT NULL COMMENT 'Имя покупателя',
  `customer_surname` varchar(255) NOT NULL COMMENT 'Фамилия покупателя',
  `customer_patronymic` varchar(255) NOT NULL COMMENT 'Отчество покупателя',
  `customer_phone` varchar(30) NOT NULL COMMENT 'Телефон покупателя',
  `total` int(10) NOT NULL COMMENT 'Сумма заказа',
  `order_date` datetime NOT NULL DEFAULT CURRENT_TIMESTAMP COMMENT 'Дата заказа',
  `status` int(10) UNSIGNED NOT NULL COMMENT 'Статус заказа',
  `address` varchar(255) NOT NULL COMMENT 'Адрес доставки',
  `customer_email` varchar(255) NOT NULL COMMENT 'Почта покупателя',
  `delivery_date` date NOT NULL COMMENT 'Дата отправки заказа',
  `description` text NOT NULL COMMENT 'Дополнительное описание к заказу'
) ENGINE=InnoDB DEFAULT CHARSET=utf8;

--
-- Дамп данных таблицы `orders`
--

INSERT INTO `orders` (`id`, `shop_id`, `product_id`, `user_id`, `customer_name`, `customer_surname`, `customer_patronymic`, `customer_phone`, `total`, `order_date`, `status`, `address`, `customer_email`, `delivery_date`, `description`) VALUES
(3, 4, 20, 14, '', '', '', '', 1000, '2019-01-03 00:00:00', 4, '3', '', '0000-00-00', ''),
(4, 4, 21, 4, 'Продавец', 'нету', '', '1234567', 200, '2019-01-11 00:00:00', 4, '4', 'test@mail.ru', '0000-00-00', 'Пробная закупка'),
(5, 4, 23, 4, 'Продаван', '', '', '123123132', 500, '2019-01-01 00:00:00', 3, '2', 'test@mail.ru', '2019-01-02', 'Доставленный товар'),
(6, 8, 15, 2, 'Админ', '', '', '', 100500, '2019-01-03 00:00:00', 2, '1', 'test@mail.ru', '0000-00-00', ''),
(10, 8, 15, 14, 'Василий', 'Хаджимурджиев', 'Алибабаевич', '+7(911)123-12-12', 100500, '2019-01-20 19:56:17', 4, '450103, Уфа, пер.Каменский, 1, кв.32,', '1234@mail.rus', '0000-00-00', ''),
(11, 4, 22, 11, 'Проверка', '', '', '', 5000, '2019-01-20 20:01:58', 4, 'Уренгой, 2,', '1234@mail.ru', '0000-00-00', 'Проверочная закупка'),
(12, 4, 16, 14, 'Василий', 'Хаджимурджиев', 'Алибабаевич', '+7(911)123-12-12', 0, '2019-01-20 20:06:13', 4, '450103, Уфа, пер.Каменский, 1, кв.32,', '1234@mail.rus', '0000-00-00', ''),
(13, 4, 16, 14, 'Василий', 'Хаджимурджиев', 'Алибабаевич', '+7(911)123-12-12', 0, '2019-01-20 20:08:35', 4, '450103, Уфа, пер.Каменский, 1, кв.32,', '1234@mail.rus', '0000-00-00', ''),
(14, 4, 22, 14, 'Василий', 'Хаджимурджиев', 'Алибабаевич', '+7(911)123-12-12', 5000, '2019-01-20 20:08:58', 4, '450103, Уфа, пер.Каменский, 1, кв.32,', '1234@mail.rus', '0000-00-00', ''),
(15, 4, 20, 14, 'Василий', 'Хаджимурджиев', 'Алибабаевич', '+7(911)123-12-12', 1000, '2019-01-20 20:09:59', 4, '450103, Санкт-Петербург, Площадь Восстания, 1,', '1234@mail.rus', '0000-00-00', ''),
(16, 8, 15, 14, 'Василий', 'Хаджимурджиев', 'Алибабаевич', '+7(911)123-12-12', 100500, '2019-01-20 20:10:22', 4, '450103, Уфа, пер.Каменский, 1, кв.32,', '1234@mail.rus', '0000-00-00', ''),
(17, 1, 8, 14, 'Василий', 'Хаджимурджиев', 'Алибабаевич', '+7(911)123-12-12', 7500, '2019-02-09 00:59:08', 4, '450103, Санкт-Петербург, Площадь Восстания, 1,', '1234@mail.rus', '0000-00-00', 'Привезти до дома'),
(18, 9, 27, 14, 'Василий', 'Хаджимурджиев', 'Алибабаевич', '+7(911)123-12-12', 2500, '2019-02-11 14:38:49', 4, '450103, Санкт-Петербург, Площадь Восстания, 1,', '1234@mail.rus', '0000-00-00', 'Нужен красный цвет'),
(19, 4, 48, 14, 'Василий', 'Хаджимурджиев', 'Алибабаевич', '+7(911)123-12-12', 150000, '2019-02-14 13:46:23', 4, '450103, Уфа, пер.Каменский, 1, кв.32,', '1234@mail.rus', '0000-00-00', ''),
(20, 4, 48, 14, 'Василий', 'Хаджимурджиев', 'Алибабаевич', '+7(911)123-12-12', 150000, '2019-02-14 14:32:05', 4, '450103, Уфа, пер.Каменский, 1, кв.32,', '1234@mail.rus', '0000-00-00', ''),
(21, 4, 28, 14, 'Василий', 'Хаджимурджиев', 'Алибабаевич', '+7(911)123-12-12', 100, '2019-02-14 14:32:51', 4, '450103, Уфа, пер.Каменский, 1, кв.32,', '1234@mail.rus', '0000-00-00', ''),
(22, 4, 49, 14, 'Василий', 'Хаджимурджиев', 'Алибабаевич', '+7(911)123-12-12', 3000, '2019-02-26 22:09:01', 4, '450103, Пупырловка, Новая, 4,', '1234@mail.rus', '0000-00-00', ''),
(23, 11, 52, 29, 'Ольга', 'Васильева', 'Николаевна', '+7(812)123-23-45', 5800, '2019-02-27 01:54:54', 4, 'Москва, Шаболовка, 37,', 'olga@mail.ru', '0000-00-00', 'Связь по почте');

-- --------------------------------------------------------

--
-- Структура таблицы `order_status`
--

CREATE TABLE `order_status` (
  `id` int(10) UNSIGNED NOT NULL,
  `status` varchar(30) NOT NULL
) ENGINE=InnoDB DEFAULT CHARSET=utf8;

--
-- Дамп данных таблицы `order_status`
--

INSERT INTO `order_status` (`id`, `status`) VALUES
(1, 'Зарезервировано'),
(2, 'Продано'),
(3, 'В продаже'),
(4, 'Новый');

-- --------------------------------------------------------

--
-- Структура таблицы `photo`
--

CREATE TABLE `photo` (
  `id` int(10) UNSIGNED NOT NULL,
  `product_id` int(10) UNSIGNED NOT NULL COMMENT 'Ссылка на товар',
  `file_name` varchar(255) NOT NULL COMMENT 'Имя файла'
) ENGINE=InnoDB DEFAULT CHARSET=utf8;

--
-- Дамп данных таблицы `photo`
--

INSERT INTO `photo` (`id`, `product_id`, `file_name`) VALUES
(15, 48, 'UOB8QPiYe9Y.jpg'),
(16, 49, 'Крылья.jpg'),
(17, 21, '510476844.jpg'),
(18, 16, '522619940.jpg'),
(19, 50, '21902eede1e849c616d2a65260qs-aksessuary-zhenskie-vyazanye-varezhki-myshki-spitsami.jpg'),
(20, 51, '1356687833_fotolia_31044851_subscription_l.jpg'),
(21, 52, '35d1e2e3bb0bfeab1d2a2655d1n7.jpg'),
(22, 53, '907507048.jpg'),
(23, 54, 'thumb_1500.jpg'),
(24, 55, '1536331240.jpg'),
(25, 56, '144965647117796087.jpg'),
(26, 57, '733eb0d3b05f096084d6d0bbbea6338c.jpg');

-- --------------------------------------------------------

--
-- Структура таблицы `products`
--

CREATE TABLE `products` (
  `id` int(10) UNSIGNED NOT NULL,
  `shop_id` int(10) UNSIGNED NOT NULL,
  `name` varchar(255) NOT NULL COMMENT 'Название товара',
  `price` int(10) UNSIGNED NOT NULL,
  `category` int(10) UNSIGNED NOT NULL,
  `payment_info` text NOT NULL COMMENT 'Как оплачивать. Заполняется текстом',
  `delivery_info` text NOT NULL COMMENT 'Текстовая информация по доставке',
  `description` text NOT NULL,
  `is_new` tinyint(1) NOT NULL,
  `visible` tinyint(1) UNSIGNED NOT NULL COMMENT 'Отображать товар, или нет',
  `for_sale` tinyint(1) NOT NULL COMMENT 'На продажу, или в портфолио?',
  `addDate` datetime NOT NULL DEFAULT CURRENT_TIMESTAMP,
  `deleted` tinyint(1) UNSIGNED NOT NULL COMMENT 'Признак удаленного товара',
  `delete_date` datetime NOT NULL DEFAULT '0000-00-00 00:00:00' ON UPDATE CURRENT_TIMESTAMP COMMENT 'Дата удаления товара'
) ENGINE=InnoDB DEFAULT CHARSET=utf8;

--
-- Дамп данных таблицы `products`
--

INSERT INTO `products` (`id`, `shop_id`, `name`, `price`, `category`, `payment_info`, `delivery_info`, `description`, `is_new`, `visible`, `for_sale`, `addDate`, `deleted`, `delete_date`) VALUES
(2, 1, 'Мужская сумка ', 7000, 148, 'Оплата на карту Сбербанка ХХХХ-ХХХХ-ХХХХ-ХХХХ', 'Самовывоз', 'Размер 230х280х150 мм. Состоит из двух больших отделений, большого внешнего кармана и маленького потайного кармана для смартфона, бумажника. Также имеются два отделения для кредитки и пропуска. Съемный регулируемый ремень длиной 160 см.\r\nМатериалы\r\nНатуральная кожа растительного дубления, ручная окраска и полировка, ручной седельный шов капроновой нитью, металлическая фурнитура', 0, 1, 1, '2018-06-27 23:29:36', 0, '0000-00-00 00:00:00'),
(3, 1, 'Клатч-бумажник \"Прерия\"', 0, 148, 'Оплата на карту сбербанка ХХХХ-ХХХХ-ХХХХ-ХХХХ', 'Почта России. Стоимость пересылки 250р.', 'Клатч размером 220х195 мм (в раскрытом состоянии) содержит два отделения под купюры, одно отделения для мелочи (закрывается на \"молнию\"), шесть отделений под \"кредитки\", одно - для пропуска или визитки и одно для SD-карты. \r\nМатериалы\r\nНатуральная кожа растительного дубления, ручной седельный шов лавсановой нитью, металлическая фурнитура, пирография.', 1, 1, 1, '2018-06-27 23:29:36', 0, '0000-00-00 00:00:00'),
(4, 2, 'Moonlight Ловец снов. Dreamcatcher.', 1900, 130, 'Оплата наличными при встрече', 'Самовывоз', 'Ловец снов — индейский талисман, защищающий спящего от злых духов. Плохие сны запутываются в паутине, а хорошие проскальзывают сквозь отверстия и спускаются по перьям, так же ловец притягивает хорошие сны. \r\n\r\nСмысл и назначение Ловца Снов у разных индейских народов различны. Так у народа лакота считают, что Ловец Снов ловит добрые мысли и сны, а также пропускает все негативное. А у народа оджибве Ловец Снов «фильтрует» сны, пропуская лишь приятные и добрые. \r\n\r\nМожно повесить над изголовьем детской кроватки или на зеркало в машину.\r\nМатериалы\r\nдерево, нитки, бусины, бисер, перья', 1, 1, 0, '2018-06-27 23:29:36', 0, '0000-00-00 00:00:00'),
(5, 2, 'Винтажная брошь ручной работы ', 3000, 116, 'Оплата на карту сбербанка', 'Почта России, 300р пересылка.\r\nДоставка только по России.', 'Крупная универсальная винтажная брошь.', 1, 1, 1, '2018-06-27 23:29:36', 0, '0000-00-00 00:00:00'),
(6, 2, 'Винтажная брошь ручной работы \"Капля\"', 5000, 149, 'Оплата на карту сбербанка', 'Почта России, 300р пересылка.\r\nДоставка только по России.', 'Крупная универсальная винтажная брошь.', 0, 1, 0, '2018-06-27 23:29:36', 0, '0000-00-00 00:00:00'),
(7, 2, 'Dreamcatcher.', 2000, 130, 'Оплата наличными при встрече', 'Самовывоз', 'Ловец снов — индейский талисман, защищающий спящего от злых духов. Плохие сны запутываются в паутине, а хорошие проскальзывают сквозь отверстия и спускаются по перьям, так же ловец притягивает хорошие сны. \r\n\r\nСмысл и назначение Ловца Снов у разных индейских народов различны. Так у народа лакота считают, что Ловец Снов ловит добрые мысли и сны, а также пропускает все негативное. А у народа оджибве Ловец Снов «фильтрует» сны, пропуская лишь приятные и добрые. \r\n\r\nМожно повесить над изголовьем детской кроватки или на зеркало в машину.\r\nМатериалы\r\nдерево, нитки, бусины, бисер, перья', 0, 1, 0, '2018-06-27 23:29:36', 0, '0000-00-00 00:00:00'),
(8, 1, 'Мужская сумка \"Охотник\"', 7500, 148, 'Оплата на карту Сбербанка ХХХХ-ХХХХ-ХХХХ-ХХХХ', 'Самовывоз', 'Охотничья сумка\r\nНатуральная кожа растительного дубления, ручная окраска и полировка, ручной седельный шов капроновой нитью, металлическая фурнитура', 0, 1, 1, '2018-06-27 23:29:36', 0, '0000-00-00 00:00:00'),
(9, 1, 'Рюкзак', 1200, 148, 'Оплата на карту Сбербанка ХХХХ-ХХХХ-ХХХХ-ХХХХ', 'Самовывоз', 'Рюкзак для города\r\nНатуральная кожа растительного дубления, ручная окраска и полировка, ручной седельный шов капроновой нитью, металлическая фурнитура', 0, 1, 0, '2018-06-27 23:29:36', 0, '0000-00-00 00:00:00'),
(10, 1, 'Кошелек', 3500, 148, 'Оплата на карту Сбербанка ХХХХ-ХХХХ-ХХХХ-ХХХХ', 'Самовывоз', 'Кошелек', 1, 1, 0, '2018-06-27 23:29:36', 0, '0000-00-00 00:00:00'),
(14, 8, 'Валенки', 1500, 133, 'Деньгами', 'Самовывоз', 'Офигенские валенки внедорожные', 1, 1, 1, '2018-06-27 23:29:36', 0, '0000-00-00 00:00:00'),
(15, 8, 'Скатерть-самобранка', 100500, 133, 'Деньгами на карту сбербанка', 'Совами', 'Для выживания в лесу', 1, 1, 1, '2018-06-27 23:29:36', 0, '0000-00-00 00:00:00'),
(16, 4, 'Глиняный кувшин', 0, 127, 'Натуральный обмен', 'Самовывоз, ну или почта', 'Суперпрочный.\r\nГолубая глина', 0, 1, 1, '2018-06-27 23:29:36', 0, '2019-02-26 23:40:00'),
(20, 4, 'Валенки', 1000, 133, 'На карту', 'Почта России', 'Без пробега, 48 размер', 1, 1, 1, '2018-06-27 23:29:36', 0, '0000-00-00 00:00:00'),
(21, 4, 'Деревянные ложки', 200, 115, 'На карту', 'Почта России', 'Ложки в наборе', 0, 1, 1, '2018-06-27 23:29:36', 0, '2019-02-25 21:35:06'),
(22, 4, 'Бочка дубовая', 5000, 122, 'На карту сбербанка', 'Почта России', 'Бочка для пива', 0, 1, 1, '2018-06-27 23:29:36', 0, '0000-00-00 00:00:00'),
(23, 4, 'Шерстяные носки', 500, 134, '', '', 'Толстые белые носки', 0, 1, 1, '2018-06-27 23:29:36', 1, '2019-02-11 14:32:37'),
(24, 7, 'Дрова', 0, 122, '', '', 'Дрова для печки', 1, 1, 1, '2018-12-22 11:53:04', 0, '0000-00-00 00:00:00'),
(26, 9, 'Новая сумка', 3000, 148, '', '', 'Сумка ручной работы. Натуральная кожа. ', 1, 1, 1, '2019-02-11 14:36:59', 0, '0000-00-00 00:00:00'),
(27, 9, 'Кошелек', 2500, 148, '', 'Самовывоз', 'Большой кошелек', 1, 1, 1, '2019-02-11 14:37:45', 1, '2019-02-11 14:39:37'),
(28, 4, 'Кружка из глины', 100, 127, '', '', 'Ручная работа', 1, 1, 1, '2019-02-13 21:10:09', 0, '0000-00-00 00:00:00'),
(48, 4, 'Картина', 150000, 118, '', '', 'Картина', 1, 1, 1, '2019-02-14 13:10:28', 1, '2019-02-21 12:16:42'),
(49, 4, 'Фотография ', 3000, 118, '', '', '', 0, 1, 1, '2019-02-25 17:40:29', 0, '2019-02-26 23:41:11'),
(50, 10, 'Варежки-мышки', 1200, 115, 'Оплата на карту сбербанка ХХХХ-ХХХХ-ХХХХ-ХХХХ', 'Транспортные компании\r\nПочта России', 'Натуральная шерсть. Размер - средний. ', 1, 1, 1, '2019-02-27 00:54:43', 0, '2019-02-27 00:58:07'),
(51, 10, 'Варежки детские', 1000, 123, 'Оплата на карту ХХХХ-ХХХХ-ХХХХ-ХХХХ', 'Почта России, ТК', 'Красные, теплые варежки для ребенка.', 1, 1, 1, '2019-02-27 01:12:52', 0, '0000-00-00 00:00:00'),
(52, 11, 'Сумка транспортная', 5800, 148, 'Переводом на номер телефона', 'Почта России', 'Надежная крепкая сумка для любых путешествий', 1, 1, 1, '2019-02-27 01:21:14', 0, '0000-00-00 00:00:00'),
(53, 11, 'Сумка на пояс', 3200, 148, 'Переводом на номер телефона', 'Почта России', 'Сумка для документов', 1, 1, 1, '2019-02-27 01:22:24', 0, '0000-00-00 00:00:00'),
(54, 11, 'Сумка женская', 5000, 148, 'Переводом на телефон', 'Почта России', 'Вместительная сумка для прогулок', 1, 1, 1, '2019-02-27 01:23:28', 0, '0000-00-00 00:00:00'),
(55, 11, 'Набор глиняной посуды', 3000, 127, 'Переводом на телефон', 'Почта России', 'Набор глиняной посуды. ', 1, 1, 1, '2019-02-27 01:25:14', 0, '0000-00-00 00:00:00'),
(56, 11, 'Кружки из глины', 1200, 138, 'Переводом на номер телефона', 'Почта России', 'Две кружки для чаепития в приятной компании', 1, 1, 1, '2019-02-27 01:26:16', 0, '0000-00-00 00:00:00'),
(57, 11, 'Календарь деревянный', 1500, 122, 'Переводом на телефон', 'Почта России', 'Календарь из дерева', 1, 1, 1, '2019-02-27 01:33:32', 0, '0000-00-00 00:00:00');

-- --------------------------------------------------------

--
-- Структура таблицы `products_category`
--

CREATE TABLE `products_category` (
  `id` int(10) UNSIGNED NOT NULL,
  `name` varchar(255) NOT NULL,
  `sort_order` int(10) UNSIGNED NOT NULL COMMENT 'Порядок сортировки категорий',
  `visible` tinyint(1) UNSIGNED NOT NULL DEFAULT '1' COMMENT 'Отображать - не отображать категорию'
) ENGINE=InnoDB DEFAULT CHARSET=utf8;

--
-- Дамп данных таблицы `products_category`
--

INSERT INTO `products_category` (`id`, `name`, `sort_order`, `visible`) VALUES
(115, 'Авторская кукла', 1, 1),
(116, 'Аксессуары', 2, 1),
(117, 'Альбомы и блокноты', 3, 1),
(118, 'Арт', 4, 1),
(119, 'Бумажные изделия', 5, 1),
(120, 'Винтаж', 6, 1),
(121, 'Графический дизайн', 7, 1),
(122, 'Дерево', 8, 1),
(123, 'Детям', 9, 1),
(124, 'Для дома', 10, 1),
(125, 'Для душа и красоты', 11, 1),
(126, 'Игрушки', 12, 1),
(127, 'Керамика', 13, 1),
(128, 'Материалы и заготовки', 14, 1),
(129, 'Мебель', 15, 1),
(130, 'Мистика', 16, 1),
(131, 'Музыка', 17, 1),
(132, 'Мыло ручной работы', 18, 1),
(133, 'Народное', 19, 1),
(134, 'Одежда', 20, 1),
(135, 'Открытки', 21, 1),
(136, 'Питомцам', 22, 1),
(137, 'Подарки', 23, 1),
(138, 'Посуда', 24, 1),
(139, 'Праздник', 25, 1),
(140, 'Пэчворк и всё стеганное', 26, 1),
(141, 'Растения', 27, 1),
(142, 'Свадьба', 28, 1),
(143, 'Свечи', 29, 1),
(144, 'Связанное крючком', 30, 1),
(145, 'Связанное спицами', 31, 1),
(146, 'Стекло', 32, 1),
(147, 'Стимпанк', 33, 1),
(148, 'Сумки и кошельки', 34, 1),
(149, 'Украшения', 35, 1),
(150, 'Флористика', 36, 1);

-- --------------------------------------------------------

--
-- Структура таблицы `shop`
--

CREATE TABLE `shop` (
  `id` int(10) UNSIGNED NOT NULL,
  `name` varchar(255) NOT NULL COMMENT 'Название магазина',
  `user_id` int(10) UNSIGNED NOT NULL COMMENT 'Хозяин магазина',
  `registration` datetime NOT NULL DEFAULT CURRENT_TIMESTAMP COMMENT 'Дата регистрации магазина',
  `description` text NOT NULL COMMENT 'Описание магазина'
) ENGINE=InnoDB DEFAULT CHARSET=utf8;

--
-- Дамп данных таблицы `shop`
--

INSERT INTO `shop` (`id`, `name`, `user_id`, `registration`, `description`) VALUES
(1, 'Leafher Workshop', 3, '2018-05-27 00:00:00', 'Изделия из кожи'),
(2, 'Spirit Dream!', 4, '2018-05-27 00:00:00', 'Амулеты, талисманы, обереги...\r\nВолшебная лавка.\r\n'),
(4, 'Магазин народного творчества', 14, '2018-06-25 18:30:08', 'Магазин народного творчества.\r\nВсе товары под заказ'),
(7, 'СуперМагазин!', 6, '2018-06-25 19:18:09', 'Подробное описание магазина. \r\nНапример, правила оформления заказа'),
(8, 'Новый супер магазин!', 11, '2018-06-25 19:33:42', 'Магазин народного творчества'),
(9, 'Магазин сумок', 15, '2019-02-04 21:00:46', 'Магазин для продажи сумок ручной работы!'),
(10, 'Снежное тепло', 27, '2019-02-27 00:53:08', 'Самые теплые изделия из шерсти!'),
(11, 'Leather world', 28, '2019-02-27 01:20:07', 'Изделия из кожи. \r\nСумки, кошельки, ремни...\r\nДля ценителей настоящего качества.');

-- --------------------------------------------------------

--
-- Структура таблицы `users`
--

CREATE TABLE `users` (
  `id` int(10) UNSIGNED NOT NULL,
  `name` varchar(255) NOT NULL,
  `surname` varchar(255) NOT NULL,
  `patronymic` varchar(255) NOT NULL,
  `login` varchar(30) NOT NULL,
  `pass` varchar(255) NOT NULL,
  `category` int(10) UNSIGNED NOT NULL DEFAULT '8',
  `birthday` date NOT NULL,
  `email` varchar(255) NOT NULL,
  `registration` datetime NOT NULL DEFAULT CURRENT_TIMESTAMP COMMENT 'Дата регистрации пользователя',
  `sex` tinyint(1) NOT NULL COMMENT 'Пол',
  `phone` varchar(16) NOT NULL COMMENT 'Телефон',
  `web` varchar(255) NOT NULL COMMENT 'Ссылка на веб-ресурс'
) ENGINE=InnoDB DEFAULT CHARSET=utf8;

--
-- Дамп данных таблицы `users`
--

INSERT INTO `users` (`id`, `name`, `surname`, `patronymic`, `login`, `pass`, `category`, `birthday`, `email`, `registration`, `sex`, `phone`, `web`) VALUES
(2, 'Администратор', '', '', 'admin', '$2y$10$1uyuBdVftm3qv3U1jbzFmes4enBb4So.74QqbH1G4Px47QYXeuoRO', 7, '1970-01-01', 'admin@gmail.com', '2018-05-27 00:00:00', 0, '', ''),
(3, 'Олег', 'Федоров', 'Николаевич', 'user1', '$2y$10$1uyuBdVftm3qv3U1jbzFmes4enBb4So.74QqbH1G4Px47QYXeuoRO', 8, '0000-00-00', 'user1@mail.ru', '2018-05-27 00:00:00', 0, '', ''),
(4, 'Обиван', 'Киноби', '', 'user2', '$2y$10$1uyuBdVftm3qv3U1jbzFmes4enBb4So.74QqbH1G4Px47QYXeuoRO', 8, '1979-07-05', 'user2@mail.ru', '2018-05-27 00:00:00', 0, '+7(911)123-12-12', 'www.vk.ru/login'),
(5, 'Вася', 'Пупкин', '', 'pupkin', '$2y$10$1uyuBdVftm3qv3U1jbzFmes4enBb4So.74QqbH1G4Px47QYXeuoRO', 8, '0000-00-00', '1234@mail.ru', '2018-05-30 22:26:44', 0, '', ''),
(6, 'Тестировщик', 'Пупкин', 'Иванович', 'tester', '$2y$10$1uyuBdVftm3qv3U1jbzFmes4enBb4So.74QqbH1G4Px47QYXeuoRO', 8, '2018-06-02', '1234@mail.rus', '2018-05-30 22:29:42', 2, '', ''),
(7, 'Тестировщик', '', '', 'pu', '$2y$10$1uyuBdVftm3qv3U1jbzFmes4enBb4So.74QqbH1G4Px47QYXeuoRO', 8, '0000-00-00', '1234@mail.ru', '2018-05-30 22:30:34', 0, '', ''),
(8, 'Кащей', 'Бессмертный', '', 'test1', '$2y$10$1uyuBdVftm3qv3U1jbzFmes4enBb4So.74QqbH1G4Px47QYXeuoRO', 8, '0000-00-00', '1234@mail.ru', '2018-05-30 22:33:04', 0, '', ''),
(9, 'Левша', '', '', 'test2', '$2y$10$1uyuBdVftm3qv3U1jbzFmes4enBb4So.74QqbH1G4Px47QYXeuoRO', 8, '0000-00-00', '1234@mail.ru', '2018-05-30 22:40:08', 0, '', ''),
(10, 'Василиса', 'Премудрая', '', 'test', '$2y$10$1uyuBdVftm3qv3U1jbzFmes4enBb4So.74QqbH1G4Px47QYXeuoRO', 8, '0000-00-00', '1234@mail.ru', '2018-06-03 10:29:18', 0, '', ''),
(11, 'Алеша', '', 'Попович', 'tt', '$2y$10$1uyuBdVftm3qv3U1jbzFmes4enBb4So.74QqbH1G4Px47QYXeuoRO', 8, '0000-00-00', '1234@mail.ru', '2018-06-03 10:47:42', 0, '', ''),
(12, 'Анаколий', 'Потапов', 'Васильевич', 'ttest', '$2y$10$1uyuBdVftm3qv3U1jbzFmes4enBb4So.74QqbH1G4Px47QYXeuoRO', 8, '0000-00-00', '1234@mail.ru', '2018-06-03 10:49:15', 0, '', ''),
(13, 'Карабас', 'Барабас', '', 'user', '$2y$10$1uyuBdVftm3qv3U1jbzFmes4enBb4So.74QqbH1G4Px47QYXeuoRO', 8, '0000-00-00', '1234@mail.ru', '2018-06-20 14:11:19', 0, '', ''),
(14, 'Василий', 'Хаджимурджиев', 'Алибабаевич', 'val', '$2y$10$1uyuBdVftm3qv3U1jbzFmes4enBb4So.74QqbH1G4Px47QYXeuoRO', 8, '1950-01-01', '1234@mail.rus', '2018-06-20 18:17:08', 1, '+7(911)123-12-12', 'www.vk.ru/login'),
(15, 'Руслан', 'Давлетшин', '', 'rr', '$2y$10$1uyuBdVftm3qv3U1jbzFmes4enBb4So.74QqbH1G4Px47QYXeuoRO', 8, '0000-00-00', '1234@mail.ru', '2019-02-04 20:58:21', 0, '', ''),
(24, 'Николай', 'Потапов', 'Васильевич', 'nic', '$2y$10$1uyuBdVftm3qv3U1jbzFmes4enBb4So.74QqbH1G4Px47QYXeuoRO', 8, '1989-08-03', '1234@mail.ru', '2019-02-21 15:46:12', 0, '', 'www.vk.ru/login'),
(25, 'pass', '', '', 'pass', '$2y$10$1uyuBdVftm3qv3U1jbzFmes4enBb4So.74QqbH1G4Px47QYXeuoRO', 8, '0000-00-00', '1234@mail.ru', '2019-02-25 18:56:56', 0, '', ''),
(26, 'Николай', 'Петров', 'Васильевич', 'nocol', '$2y$10$KIMhkrKXpGy4Eqhj42qPlebRjrnvgetuY3SCs20x/i/cwixW5Rnqm', 8, '1984-03-15', '1234@mail.ru', '2019-02-26 18:36:46', 0, '', ''),
(27, 'Мария', '', 'Семеновна', 'maria', '$2y$10$Q9ds7mflBVEgwTQhMqlIye8IBxunQAxMW5df6Uqonx4aayvfT.iUq', 8, '1988-12-02', '123@mail.ru', '2019-02-27 00:41:55', 0, '', ''),
(28, 'Мастер', 'Старый', '', 'master', '$2y$10$mGxmtvyERrH0rrV768fa2ew69VaHI5oSdn6YCqwSyICsfHzzXPLTK', 8, '0000-00-00', 'master@mail.ru', '2019-02-27 01:13:54', 0, '', ''),
(29, 'Ольга', 'Васильева', '', 'olga', '$2y$10$ZcPegTtJpJzGZLMThTd2TuwpIOKtvwGhUh6Ng9xtdK8H2oovPA.vq', 8, '1988-11-02', 'olga@mail.ru', '2019-02-27 01:38:14', 0, '', '');

-- --------------------------------------------------------

--
-- Структура таблицы `users_caregory`
--

CREATE TABLE `users_caregory` (
  `id` int(10) UNSIGNED NOT NULL,
  `name` varchar(30) NOT NULL
) ENGINE=InnoDB DEFAULT CHARSET=utf8;

--
-- Дамп данных таблицы `users_caregory`
--

INSERT INTO `users_caregory` (`id`, `name`) VALUES
(7, 'admin'),
(8, 'user');

--
-- Индексы сохранённых таблиц
--

--
-- Индексы таблицы `address`
--
ALTER TABLE `address`
  ADD PRIMARY KEY (`id`),
  ADD KEY `user_id` (`user_id`);

--
-- Индексы таблицы `orders`
--
ALTER TABLE `orders`
  ADD PRIMARY KEY (`id`),
  ADD KEY `shop_id` (`shop_id`,`product_id`,`user_id`,`status`),
  ADD KEY `product_id` (`product_id`),
  ADD KEY `buyer` (`user_id`),
  ADD KEY `status` (`status`);

--
-- Индексы таблицы `order_status`
--
ALTER TABLE `order_status`
  ADD PRIMARY KEY (`id`);

--
-- Индексы таблицы `photo`
--
ALTER TABLE `photo`
  ADD PRIMARY KEY (`id`),
  ADD KEY `product_id` (`product_id`);

--
-- Индексы таблицы `products`
--
ALTER TABLE `products`
  ADD PRIMARY KEY (`id`),
  ADD KEY `shop_id` (`shop_id`),
  ADD KEY `category` (`category`);

--
-- Индексы таблицы `products_category`
--
ALTER TABLE `products_category`
  ADD PRIMARY KEY (`id`);

--
-- Индексы таблицы `shop`
--
ALTER TABLE `shop`
  ADD PRIMARY KEY (`id`),
  ADD KEY `owner_id` (`user_id`);

--
-- Индексы таблицы `users`
--
ALTER TABLE `users`
  ADD PRIMARY KEY (`id`),
  ADD UNIQUE KEY `login` (`login`),
  ADD KEY `category` (`category`);

--
-- Индексы таблицы `users_caregory`
--
ALTER TABLE `users_caregory`
  ADD PRIMARY KEY (`id`);

--
-- AUTO_INCREMENT для сохранённых таблиц
--

--
-- AUTO_INCREMENT для таблицы `address`
--
ALTER TABLE `address`
  MODIFY `id` int(10) UNSIGNED NOT NULL AUTO_INCREMENT, AUTO_INCREMENT=28;

--
-- AUTO_INCREMENT для таблицы `orders`
--
ALTER TABLE `orders`
  MODIFY `id` int(10) UNSIGNED NOT NULL AUTO_INCREMENT, AUTO_INCREMENT=24;

--
-- AUTO_INCREMENT для таблицы `order_status`
--
ALTER TABLE `order_status`
  MODIFY `id` int(10) UNSIGNED NOT NULL AUTO_INCREMENT, AUTO_INCREMENT=5;

--
-- AUTO_INCREMENT для таблицы `photo`
--
ALTER TABLE `photo`
  MODIFY `id` int(10) UNSIGNED NOT NULL AUTO_INCREMENT, AUTO_INCREMENT=27;

--
-- AUTO_INCREMENT для таблицы `products`
--
ALTER TABLE `products`
  MODIFY `id` int(10) UNSIGNED NOT NULL AUTO_INCREMENT, AUTO_INCREMENT=58;

--
-- AUTO_INCREMENT для таблицы `products_category`
--
ALTER TABLE `products_category`
  MODIFY `id` int(10) UNSIGNED NOT NULL AUTO_INCREMENT, AUTO_INCREMENT=151;

--
-- AUTO_INCREMENT для таблицы `shop`
--
ALTER TABLE `shop`
  MODIFY `id` int(10) UNSIGNED NOT NULL AUTO_INCREMENT, AUTO_INCREMENT=12;

--
-- AUTO_INCREMENT для таблицы `users`
--
ALTER TABLE `users`
  MODIFY `id` int(10) UNSIGNED NOT NULL AUTO_INCREMENT, AUTO_INCREMENT=30;

--
-- AUTO_INCREMENT для таблицы `users_caregory`
--
ALTER TABLE `users_caregory`
  MODIFY `id` int(10) UNSIGNED NOT NULL AUTO_INCREMENT, AUTO_INCREMENT=9;

--
-- Ограничения внешнего ключа сохраненных таблиц
--

--
-- Ограничения внешнего ключа таблицы `address`
--
ALTER TABLE `address`
  ADD CONSTRAINT `address_ibfk_1` FOREIGN KEY (`user_id`) REFERENCES `users` (`id`) ON DELETE CASCADE;

--
-- Ограничения внешнего ключа таблицы `orders`
--
ALTER TABLE `orders`
  ADD CONSTRAINT `orders_ibfk_1` FOREIGN KEY (`shop_id`) REFERENCES `shop` (`id`),
  ADD CONSTRAINT `orders_ibfk_2` FOREIGN KEY (`product_id`) REFERENCES `products` (`id`),
  ADD CONSTRAINT `orders_ibfk_3` FOREIGN KEY (`user_id`) REFERENCES `users` (`id`),
  ADD CONSTRAINT `orders_ibfk_4` FOREIGN KEY (`status`) REFERENCES `order_status` (`id`);

--
-- Ограничения внешнего ключа таблицы `photo`
--
ALTER TABLE `photo`
  ADD CONSTRAINT `photo_ibfk_1` FOREIGN KEY (`product_id`) REFERENCES `products` (`id`);

--
-- Ограничения внешнего ключа таблицы `products`
--
ALTER TABLE `products`
  ADD CONSTRAINT `products_ibfk_2` FOREIGN KEY (`category`) REFERENCES `products_category` (`id`),
  ADD CONSTRAINT `products_ibfk_3` FOREIGN KEY (`shop_id`) REFERENCES `shop` (`id`) ON DELETE NO ACTION;

--
-- Ограничения внешнего ключа таблицы `shop`
--
ALTER TABLE `shop`
  ADD CONSTRAINT `shop_ibfk_2` FOREIGN KEY (`user_id`) REFERENCES `users` (`id`) ON DELETE CASCADE;

--
-- Ограничения внешнего ключа таблицы `users`
--
ALTER TABLE `users`
  ADD CONSTRAINT `users_ibfk_2` FOREIGN KEY (`category`) REFERENCES `users_caregory` (`id`);
COMMIT;

/*!40101 SET CHARACTER_SET_CLIENT=@OLD_CHARACTER_SET_CLIENT */;
/*!40101 SET CHARACTER_SET_RESULTS=@OLD_CHARACTER_SET_RESULTS */;
/*!40101 SET COLLATION_CONNECTION=@OLD_COLLATION_CONNECTION */;
